origen,destino
2,https://archive.org/details/A336025
3,https://archive.org/details/A336095
4,https://archive.org/details/A336076
5,https://archive.org/details/A336078
6,https://archive.org/details/A336083
7,https://archive.org/details/A336085
8,https://archive.org/details/A336086
9,https://archive.org/details/A336087
10,https://archive.org/details/A336081
11,https://archive.org/details/A336088
12,https://archive.org/details/A3360911
13,https://archive.org/details/A3360912
14,https://archive.org/details/A336092
15,https://archive.org/details/A3360931
16,https://archive.org/details/A3360932
17,https://archive.org/details/A336105
18,https://archive.org/details/A3360941
19,https://archive.org/details/A3360942
20,https://archive.org/details/A3360943
21,https://archive.org/details/A3360943
22,https://archive.org/details/A3360972
23,https://archive.org/details/A3360973
24,https://archive.org/details/A3360974
25,https://archive.org/details/A336084
26,https://archive.org/details/A3360975
27,https://archive.org/details/A336107
28,https://archive.org/details/A3360991
29,https://archive.org/details/A3360992
30,https://archive.org/details/A3360993
31,https://archive.org/details/A3360994
32,https://archive.org/details/A3360995
33,https://archive.org/details/A336104
34,https://archive.org/details/A3361001
35,https://archive.org/details/A3361002
36,https://archive.org/details/A336106
37,https://archive.org/details/A336008
38,https://archive.org/details/A336009
39,https://archive.org/details/A3350591
40,https://archive.org/details/A3360221
41,https://archive.org/details/A3360222
42,https://archive.org/details/ARes09616
43,https://archive.org/details/A336101
44,https://archive.org/details/ARes53501
45,https://archive.org/details/ARes14409
46,https://archive.org/details/A336102
47,no existe
48,no existe
49,https://archive.org/details/A336027
50,https://archive.org/details/A335131
51,https://archive.org/details/ARes22707
52,https://archive.org/details/A335136
53,https://archive.org/details/A099084
54,https://archive.org/details/bibliotecauniversitariadesevilla
55,https://archive.org/details/A336132
56,https://archive.org/details/A336072
57,https://archive.org/details/A336032
58,https://archive.org/details/ARes11421
59,https://archive.org/details/bibliotecauniversitariadesevilla
60,https://archive.org/details/A3350013
61,https://archive.org/details/bibliotecauniversitariadesevilla
62,https://archive.org/details/A336013
63,https://archive.org/details/A021051
64,https://archive.org/details/A335004
65,https://archive.org/details/A335005
66,https://archive.org/details/bibliotecauniversitariadesevilla
67,https://archive.org/details/A3350101
68,https://archive.org/details/A3350102
69,https://archive.org/details/ARes27510
70,https://archive.org/details/A336080
71,https://archive.org/details/A335011
72,https://archive.org/details/bibliotecauniversitariadesevilla
73,https://archive.org/details/A335017
74,https://archive.org/details/A3350592
75,https://archive.org/details/ARes45407
76,https://archive.org/details/A185050
77,https://archive.org/details/A336053
78,https://archive.org/details/A3361092
79,https://archive.org/details/ARes6651701
80,https://archive.org/details/A335018
81,https://archive.org/details/A335016
82,https://archive.org/details/A335016
83,https://archive.org/details/A3350201
84,https://archive.org/details/A3350202
85,https://archive.org/details/A3350204
86,https://archive.org/details/A3350205
87,https://archive.org/details/A3351002
88,https://archive.org/details/A335021
89,https://archive.org/details/A3350863
90,https://archive.org/details/A3350231
91,https://archive.org/details/A227103
92,https://archive.org/details/A3350232
93,https://archive.org/details/A335062
94,https://archive.org/details/bibliotecauniversitariadesevilla
95,https://archive.org/details/A336112
96,https://archive.org/details/A3360011
97,https://archive.org/details/A3360012
98,https://archive.org/details/A336002
99,https://archive.org/details/A336003
